symbol,name
562860,疫苗ETF
561710,疫苗生物ETF
561920,疫苗龙头ETF
159645,疫苗指数ETF
159512,汽车ETF
159657,生物疫苗ETF
159509,纳指科技ETF
159839,生物药ETF
516820,医疗创新ETF
516110,汽车ETF
516520,智能驾驶ETF
159660,纳指100ETF
515250,智能汽车ETF
159795,智能车ETF基金
159643,疫苗ETF
159859,生物医药ETF
159607,中概互联网ETF
159888,智能车ETF
159508,生物医药ETF基金
159889,智能汽车ETF
159837,生物科技ETF
159872,智能网联汽车ETF
159605,中概互联ETF
159941,纳指ETF
513110,纳斯达克100ETF
516080,创新药ETF易方达
513100,纳指ETF
159659,纳斯达克100ETF
159732,消费电子ETF
512290,生物医药ETF
513300,纳斯达克ETF
159992,创新药ETF
159501,纳斯达克指数ETF
515120,创新药ETF
159632,纳斯达克ETF
159513,纳斯达克100指数ETF
515220,煤炭ETF
516500,生物科技ETF
513220,中概互联ETF
513580,恒生科技ETF指数基金
518860,黄金ETFAU
159786,VRETF
513390,纳指100ETF
516930,生物科技ETF基金
513310,中韩半导体ETF
159849,生物科技ETF招商
159858,创新药ETF基金
517660,物联网沪港深ETF
516060,创新药产业ETF
159696,纳指ETF易方达
513050,中概互联网ETF
515860,科技ETF基金
159742,恒生科技指数ETF
563010,电信ETF
512010,医药ETF
159611,电力ETF
159835,创新药50ETF
513900,港股通100ETF
159723,科技龙头ETF
513260,恒生科技ETF基金
513890,恒生科技HKETF
159740,恒生科技ETF
560900,创新药企ETF
513180,恒生科技指数ETF
513010,恒生科技30ETF
513380,恒生科技ETF龙头
159701,物联网ETF招商
159896,物联网龙头ETF
515920,智能消费ETF
159538,信创指数ETF
517350,中概科技ETF
516260,物联网50ETF
159625,绿色电力ETF
512560,军工ETF易方达
159945,能源ETF基金
516350,半导体芯片ETF
512810,国防军工ETF
159540,信创ETF指数
512660,军工ETF
515750,科技50ETF
512680,军工ETF龙头
513130,恒生科技ETF
159939,信息技术ETF
159929,医药ETF
562350,电力指数ETF
159669,绿电ETF
561170,绿电50ETF
159709,物联网ETF工银
513330,恒生互联网ETF
159811,5G50ETF
512710,军工龙头ETF
515960,医药健康ETF
516330,物联网ETF
515600,央企创新ETF
159997,电子ETF
159507,电信ETF
513140,港股金融ETF
562550,绿电ETF
513550,港股通50ETF
561980,半导体设备ETF
159895,物联网50ETF
159930,能源ETF
159994,5GETF
159781,科创创业ETF
159778,工业互联ETF
159741,恒生科技ETF基金
159783,科创创业50ETF
588400,双创50ETF
588330,双创龙头ETF
588380,创50ETF
561560,电力ETF
159688,恒生互联网ETF
588360,科创创业ETF
588390,科创创业50ETF
159712,港股通50ETF
513360,教育ETF
159906,深成长龙头ETF
512960,央企结构调整ETF
516640,芯片龙头ETF
561700,电力ETF基金
515050,5GETF
562960,绿色电力ETF
159747,香港科技ETF
515320,电子50ETF
515680,央企创新ETF基金
159760,泰康公卫健康ETF
561100,消费电子龙头ETF
588350,双创50ETF基金
515000,科技ETF
159638,高端装备ETF
588320,双创50增强ETF
512480,半导体ETF
159936,可选消费ETF
563050,央企科技50ETF
512760,芯片ETF
560580,电力ETF南方
159995,芯片ETF
159665,半导体龙头ETF
159974,央企创新ETF
561790,央企现代能源ETF
512120,医药50ETF
562850,央企能源ETF
159695,通信ETF
159782,双创50ETF基金
159658,数字经济ETF
159780,双创ETF
588300,双创ETF
512720,计算机ETF
588310,双创ETF基金
516920,芯片50ETF
159822,新经济ETF
159813,半导体ETF
516050,科技龙头ETF
159779,消费电子ETF基金
561310,消电ETF
560800,数字经济ETF
562950,消费电子50ETF
159959,央企ETF
159773,创业板科技ETF
513590,香港消费ETF
513660,恒生ETF
515260,电子ETF
512220,TMTETF
515580,科技100ETF
159899,软件龙头ETF
515400,大数据ETF
159853,科技100ETF
159613,信息安全ETF
560170,央企科技ETF
159711,港股通ETF
159976,湾创ETF
561260,能源ETF
513040,港股通互联网ETF
159539,信创50ETF
159983,粤港澳大湾区ETF
159920,恒生ETF
510410,资源ETF
512950,央企改革ETF
515900,央企创新驱动ETF
513600,恒生指数ETF
511880,银华日利ETF
562930,软件30ETF
562920,信息安全ETF
562500,机器人ETF
562380,央企科技引领ETF
562360,机器人ETF基金
561600,消费电子ETF
560880,家电ETF龙头
560600,医药创新ETF
517780,红300ETF
517770,游戏传媒ETF
516800,智能制造ETF
516700,大数据产业ETF
515910,质量ETF
515550,国联中证500ETF
515230,软件ETF
515190,中银证券500ETF
513990,港股通ETF
513770,港股互联网ETF
513070,港股消费50ETF
512930,AI人工智能ETF
510900,H股ETF
510160,产业升级ETF
159998,计算机ETF
159987,科技创新ETF
159938,医药卫生ETF
159852,软件ETF
159819,人工智能ETF
159801,芯片ETF龙头
159793,线上消费ETF平安
159792,港股通互联网ETF
159770,机器人ETF
159750,香港科技50ETF
159733,消费电子50ETF
159721,深创龙头ETF
159675,创业板增强ETF
159603,双创龙头ETF
511670,华泰天天金ETF
159001,货币ETF
159003,招商快线ETF
159005,汇添富快钱ETF
511900,富国货币ETF
511850,财富宝ETF
511800,易方达货币ETF
511950,添利货币ETF
511930,国联日盈货币ETF
511910,融通货币ETF
511650,华夏快线ETF
511690,交易货币ETF
159913,深价值ETF
511990,华宝添益ETF
511860,保证金货币ETF
511970,国寿货币ETF
511620,货币基金ETF
511660,货币ETF建信添益
159923,中证100ETF
511700,场内货币ETF
510880,红利ETF
159907,2000ETF
511810,理财金货币ETF
511960,嘉实快线ETF
513650,标普500ETF基金
512970,大湾区ETF
511820,鹏华添利ETF
588100,科创信息技术ETF
588260,科创信息ETF
511830,华泰货币ETF
516150,稀土ETF基金
561120,家电ETF
516630,云计算50ETF
588000,科创50ETF
588050,科创ETF
588080,科创板50ETF
510170,大宗商品ETF
159623,成渝经济圈ETF
516720,ESGETF
516530,物流快递ETF
513230,港股消费ETF
159708,红利ETF
512670,国防ETF
515660,国联安沪深300ETF
517330,长江保护ETF
511770,金鹰增益货币ETF
515300,红利低波ETF基金
159823,H股ETF基金
159777,创科技ETF
517800,人工智能50ETF
159720,智能电车ETF泰康
516600,消费服务ETF
159903,深成ETF
159735,港股消费ETF
511980,现金添富ETF
159612,标普500ETF
588180,科创50ETF基金
159804,创中盘88ETF
159996,家电ETF
513960,港股通消费ETF
159943,深证成指ETF
159828,医疗ETF
561370,2000ETF
159635,基建50ETF
159521,2000指数ETF
515070,人工智能AIETF
560700,央企红利50ETF
513500,标普500ETF
159628,国证2000ETF
159667,工业母机ETF
513980,港股科技50ETF
510020,超大盘ETF
515450,红利低波50ETF
588090,科创板ETF
517990,医药ETF沪港深
513560,香港科技ETF
515890,红利ETF博时
159730,龙头家电ETF
515210,钢铁ETF
517390,云计算沪港深ETF
512530,沪深300红利ETF
512170,医疗ETF
515110,一带一路国企ETF
560990,中金科技先锋ETF
562310,沪深300成长ETF
517280,网购ETF
515950,医药龙头ETF
159655,标普ETF
159970,深100ETF工银
510050,上证50ETF
517270,沪港深科技TOPETF
159769,消费电子龙头ETF
517000,沪港深500ETF
562320,沪深300价值ETF
517160,长江保护主题ETF
159713,稀土ETF
159916,深F60ETF
560260,医疗ETF龙头
516950,基建ETF
510330,沪深300ETF华夏
159536,中证2000ETF添富
561280,中证1000ETF增强
510360,沪深300ETF基金
159531,中证2000ETF
561960,央企回报ETF
516510,云计算ETF
588280,科创50ETF指数基金
159919,沪深300ETF
159881,有色60ETF
512890,红利低波ETF
512650,长三角ETF
159961,深100ETF方正富邦
159715,稀土ETF易方达
588150,科创50ETF南方
511920,广发货币ETF
159511,通信ETF基金
159679,中证1000增强ETF
510710,上证50ETF博时
515570,山证红利ETF
159901,深证100ETF
159710,智能电车ETF
513970,恒生消费ETF
159743,湖北ETF
515360,方正沪深300ETF
159797,医疗器械ETF基金
588060,科创50ETF龙头
159676,创业板ETF增强
159656,300成长ETF
516880,光伏50ETF
588200,科创芯片ETF
517850,张江ETF
510990,180ESGETF
159905,深红利ETF
512040,价值100ETF
512910,中证100ETF
510370,300指数ETF
515180,红利ETF易方达
159719,国企共赢ETF
510300,沪深300ETF
588290,科创芯片ETF基金
517010,沪港深500ETF指数
515380,沪深300ETF泰康
512580,环保ETF
515310,沪深300指数ETF
511600,货币ETF
517090,央企共赢ETF
159965,央视50ETF
512770,战略新兴ETF
159891,医疗ETF基金
510310,沪深300ETF易方达
560030,800价值ETF
159630,中证100ETF基金
560220,中证2000ETF广发
510270,国企ETF
563300,中证2000ETF
515780,浦银MSCI中国ETF
510190,上证50ETF指数基金
513020,港股科技ETF
560330,沪深300价值ETF申万菱信
561300,300增强ETF
560070,央企股东回报ETF
510180,上证180ETF
517170,沪港深ETF
159663,机床ETF
561190,双碳ETF
159633,中证1000指数ETF
510600,申万上证50ETF
513160,港股科技30ETF
517100,AH500ETF
159847,医疗50ETF
512090,MSCIA股ETF易方达
516860,金融科技ETF
516780,稀土ETF
515670,中银中证100ETF
159699,恒生消费ETF
515160,MSCI中国ETF招商
159731,石化ETF
159516,半导体设备ETF
516910,物流ETF
159653,ESG300ETF
510350,工银沪深300ETF
159739,大数据ETF
561950,500指数增强ETF
560180,ESG300ETF
159678,中证500增强ETF
510060,央企ETF
516100,互联网金融ETF
560980,光伏30ETF
515130,沪深300ETF博时
159706,深证100ETF华安
516590,智能汽车50ETF
560010,中证1000ETF指数
159851,金融科技ETF
588370,科创50增强策略ETF
159935,景顺中证500ETF
562000,中证100ETF基金
561550,500增强ETF
510100,上证50ETF易方达
159838,医药50ETF
516000,大数据50ETF
159791,300ESGETF
515760,浙江国资ETF
510850,工银上证50ETF
515080,中证红利ETF
159864,光伏50ETF
560000,智慧电车ETF
159652,有色50ETF
512990,MSCIA股ETF
510210,上证指数ETF
159876,有色龙头ETF
516290,光伏龙头ETF
510030,价值ETF
560500,500质量成长ETF
159925,沪深300ETF南方
159991,创大盘ETF
159956,创业板ETF建信
515390,沪深300ETF指数基金
159629,1000ETF
159535,中证2000ETF指数
159850,恒生国企ETF
515790,光伏ETF
512360,平安MSCI国际ETF
561580,央企红利ETF
516300,中证1000指数ETF
561060,国企红利ETF
159515,国企红利ETF
159810,浦银创业板ETF
159890,云计算ETF
517050,互联网50ETF
517180,中国国企ETF
159523,沪深300成长ETF
159517,800增强ETF
159880,有色ETF基金
512280,景顺MSCIA股ETF
561990,沪深300增强ETF
159606,中证500成长ETF
512750,基本面50ETF
159728,在线消费ETF
159609,光伏龙头ETF
159971,创业板ETF富国
159909,TMT50ETF
560950,500ETF增强
515810,中证800ETF
517120,沪港深创新药ETF
513030,德国ETF
159898,医疗器械指数ETF
159619,基建ETF
513150,港股通科技50ETF
159622,创新药ETF沪港深
159845,中证1000ETF
512100,中证1000ETF
515800,800ETF
159808,创100ETF融通
563000,中国A50ETF
512800,银行ETF
159861,碳中和50ETF
159641,双碳ETF
159836,创300ETF
510800,50ETF基金
159883,医疗器械ETF
510390,沪深300ETF平安
562990,碳中和100ETF
517200,互联网ETF
159621,MSCIESGETF
159640,碳中和龙头ETF
159902,中小100ETF
562880,电池ETF基金
560060,碳中和ETF
560100,中证500增强ETF
159683,运输ETF
159856,互联网龙头ETF
515100,红利低波100ETF
159975,深100ETF招商
516380,智能电动车ETF
159915,创业板ETF
510760,上证综指ETF
560110,中证1000ETF基金
515990,国企一带一路ETF
561160,锂电池ETF
510570,兴业中证500ETF
513290,纳指生物科技ETF
159877,医疗产业ETF
159716,深创100ETF
512260,中证500低波动ETF
159857,光伏ETF
517300,沪港深300ETF
159871,有色金属ETF
518600,上海金ETF
515330,300ETF天弘
560590,1000ETF增强
159960,恒生中国企业ETF
159949,创业板50ETF
159863,光伏ETF基金
159680,1000ETF增强
159677,1000增强ETF
562660,中证2000ETF基金
517030,沪港深300ETF基金
515280,银行龙头ETF
512400,有色金属ETF
159681,创50ETF
562910,高端制造ETF
561180,A100ETF
159748,沪港深创新药ETF
159682,创业50ETF
561000,沪深300ETF增强基金
516970,基建50ETF
515350,民生加银300ETF
159673,鹏华沪深300ETF
562520,中证1000成长ETF
159918,中创400ETF
560960,碳中和60指数ETF
159870,化工ETF
512520,MSCIETF
517110,创新药沪深港ETF
159910,基本面120ETF
159796,电池50ETF
159982,中证500ETF鹏华
588460,科创50增强ETF
513320,恒生新经济ETF
561900,沪深300ESGETF
159973,民企ETF
512190,浙商之江凤凰ETF
516320,高端装备ETF
516830,300ESGETF
159685,1000增强ETF天弘
516570,化工行业ETF
516310,银行ETF易方达
159601,A50ETF
159631,中证100ETF招商
159602,中国A50ETF
515150,一带一路ETF
561130,国货ETF
560050,MSCI中国A50ETF
560560,碳中和ETF泰康
512700,银行ETF基金
159952,创业板ETF广发
159966,创业板价值ETF
515020,银行ETF华夏
512390,平安MSCI低波ETF
510630,消费30ETF
159758,红利50ETF
159977,创业板ETF天弘
510510,中证500ETF基金
510500,中证500ETF
512730,中证银行ETF
159948,创业板ETF南方
517080,沪港深500ETF基金
515290,银行ETF天弘
512820,银行业ETF
159969,深100ETF银华
510150,消费ETF
515980,人工智能ETF
159933,国投金融地产ETF
517960,科技AHETF
159908,创业板ETF博时
510680,上证50ETF基金
159627,100ETF
512500,中证500ETF华夏
516180,光伏ETF平安
159717,ESGETF
159806,新能源车ETF
516220,化工龙头ETF
510580,中证500ETF易方达
159686,中证100ETF易方达
515770,摩根MSCIAETF
517500,游戏沪港深ETF
561330,矿业ETF
159922,中证500ETF
516120,化工50ETF
159954,H股ETF
159944,材料ETF
159610,500ETF增强
159873,医疗设备ETF
516020,化工ETF
512510,中证500指数ETF
561910,电池ETF
510380,国寿300ETF
510550,方正中证500ETF
560660,云50ETF
159807,科技ETF
588120,科创板100ETF
517550,消费ETF沪港深
159642,碳中和100ETF
512330,信息科技ETF
512380,MSCI中国ETF
159814,创业大盘ETF
159790,碳中和ETF
159639,碳中和ETF南方
561350,国泰中证500ETF
512160,MSCI中国A股ETF
159824,新能车ETF
515630,保险证券ETF
513860,港股通科技ETF
513080,法国CAC40ETF
512320,工银MSCI中国ETF
561590,中证1000增强ETF
516650,有色50ETF
159510,沪深300价值ETF
510530,工银中证500ETF
515030,新能源车ETF
515590,500等权ETF
516070,碳中和50ETF
159820,中证500ETF天弘
159751,港股科技ETF
561500,漂亮50ETF
159618,光伏ETF指数基金
159662,交运ETF
510810,上海国企ETF
159887,银行ETF
159698,粮食ETF
159964,创业板ETF平安
516610,医疗服务ETF
510230,金融ETF
517880,品牌消费ETF
159646,疫苗ETF基金
512550,A50ETF基金
159912,深300ETF
159532,中证2000指数ETF
159666,交通运输ETF
159697,油气ETF
510590,中证500ETF平安
515880,通信ETF
510090,ESGETF基金
588220,科创100ETF基金
560650,核心50ETF
515200,创新100ETF
518880,黄金ETF
516790,医疗保健ETF
510650,金融地产ETF
159967,创业板成长ETF
159620,500成长ETF
561320,交运ETF
512180,MSCIA股ETF基金
512070,证券保险ETF
588110,科创成长ETF
517360,沪港深科技ETF
515530,中证500ETF泰康
562330,中证500价值ETF
510660,医药卫生ETF
159617,500价值ETF
516210,银行ETF指数基金
159957,创业板ETF华夏
159690,矿业ETF
159729,互联网ETF
515700,新能车ETF
159885,碳中和ETF基金
159934,黄金ETF
513200,港股通医药ETF
563030,中证500ETF增强
516690,化工产业ETF
510130,中盘ETF
159738,云计算ETF沪港深
515710,食品ETF
159993,证券ETF龙头
588190,科创100ETF
516660,新能源车ETF基金
159931,金融ETF
560680,消费ETF龙头
588030,科创100指数ETF
159862,食品ETF
510560,国寿500ETF
588020,科创成长50ETF
159703,新材料ETF
516960,机械ETF
159958,创业板ETF工银
517760,消费TOPETF
159506,恒生医疗ETF
159608,稀有金属ETF
510290,上证380ETF
512600,必选消费ETF
159968,中证500ETF博时
159937,黄金ETF基金
159503,财富管理ETF
513060,恒生医疗ETF
159843,食品饮料ETF
159725,线上消费ETF
512640,金融地产ETF基金
159761,新材料50ETF
560080,中药ETF
159647,中药ETF
159875,新能源ETF
159821,BOCI创业板ETF
512150,A50ETF
159736,饮食ETF
159752,新能源龙头ETF
516550,农业ETF
159928,消费ETF
560550,碳中和ETF龙头
159671,稀有金属ETF基金
560860,工业有色ETF
159637,新能源车龙头ETF
159840,锂电池ETF
516160,新能源ETF
510010,180治理ETF
159990,小盘价值ETF
517380,创新药沪港深ETF
562800,稀有金属ETF
518800,黄金基金ETF
516390,新能源汽车ETF
516360,新材料ETF
518680,金ETF
159689,消费ETF南方
516130,消费龙头ETF
512690,酒ETF
159940,金融地产ETF
512570,证券ETF易方达
562010,绿色能源ETF
159755,电池ETF
515170,食品饮料ETF
516890,新材料ETF平安
159886,机械ETF
513120,港股创新药ETF
159892,恒生医药ETF
159636,港股通科技30ETF
159718,港股医药ETF
159789,饮料ETF
159767,电池龙头ETF
561510,中医药ETF
159763,新材料ETF基金
159692,证券ETF东财
512900,证券ETF基金
516850,新能源ETF基金
516270,新能源50ETF
516980,证券ETF先锋
159848,证券ETF基金
516480,新材料ETF基金
518850,黄金ETF华夏
159842,券商ETF
159687,亚太低碳ETF
510770,G60创新ETF
516090,新能源ETF易方达
159615,恒生生物科技ETF
562390,中药50ETF
159616,农牧ETF
512870,杭州湾区ETF
512880,证券ETF
516900,食品饮料ETF基金
159869,游戏ETF
159672,主要消费ETF
518890,中银上海金ETF
515850,券商指数ETF
513700,香港医药ETF
159841,证券ETF
515560,证券ETF建信
516010,游戏ETF
561800,稀有金属ETF基金
516710,新材料50ETF
516200,证券ETF指数基金
515090,可持续发展ETF
512000,券商ETF
588160,科创材料ETF
516580,新能源主题ETF
159757,电池30ETF
518660,黄金ETF基金
513810,港股国企ETF
513950,恒生红利ETF
515010,券商ETF基金
562300,碳中和ETF基金
159670,消费ETF基金
562530,中证1000价值ETF
159798,消费50ETF
517900,银行ETF优选
513090,香港证券ETF
516770,游戏动漫ETF
159775,新能源车电池ETF
588010,科创新材料ETF
516760,养殖ETF
513690,恒生高股息ETF
516560,养老ETF
159825,农业ETF
159776,港股通医药ETF
510200,上证券商ETF
159787,建材ETF易方达
560090,证券指数ETF
516810,农业50ETF
159519,港股国企ETF
562900,现代农业ETF
159865,养殖ETF
513280,恒生生物科技ETF
515650,消费50ETF
159867,畜牧ETF
512980,传媒ETF
516670,畜牧养殖ETF
513530,港股通红利ETF
159805,传媒ETF
516750,建材ETF
516730,证券公司ETF
159827,农业50ETF
159745,建材ETF
159691,高股息ETF港股
159726,恒生红利ETF
513880,日经225ETF
513520,日经ETF
512200,房地产ETF
516190,文娱传媒ETF
159866,日经ETF
515060,房地产ETF基金
513000,日经225ETF易方达
159768,房地产ETF
159707,地产ETF
159788,港股通100ETF
513800,日本东证指数ETF
159855,影视ETF
516620,影视ETF
562510,旅游ETF
159766,旅游ETF